Workbook

Sheet Dashboard
B2: GEETMP3 YOUTUBE NETWORK - CENTRAL SONG MANAGEMENT DASHBOARD
B3: Executive Multi-Channel Song Catalog, Streaming Performance Analytics & Metadata Central
B5: TOTAL SONGS (ALL CHANNELS) | D5: TOTAL YOUTUBE VIEWS | F5: AVERAGE VIEWS / SONG | H5: CHANNELS MONITORED | J5: STREAMING LINK COVERAGE
B6: =E16 | D6: =F16 | F6: =G16 | H6: 4 | J6: =AVERAGE(E31:E36)
B10: CHANNEL PERFORMANCE & SUMMARY BREAKDOWN
B11: Channel Name | C11: Channel Focus / Genre | D11: Dedicated Sheet Link | E11: Total Songs | F11: Total YouTube Views | G11: Average Views / Song | H11: % Channel View Share
B12: GeetMP3 | C12: Official Mainstream / Flagship Pop | D12: =HYPERLINK("#'GeetMP3'!A1", "➡ Open GeetMP3 Sheet") | E12: =COUNTA('GeetMP3'!D4:D5000) | F12: =SUM('GeetMP3'!M4:M5000) | G12: =IFERROR(F12/E12, 0) | H12: =IFERROR(F12/$F$16, 0)
B13: GeetMP3 Punjabi | C13: Regional Punjabi Music & Desi Beats | D13: =HYPERLINK("#'GeetMP3 Punjabi'!A1", "➡ Open GeetMP3 Punjabi Sheet") | E13: =COUNTA('GeetMP3 Punjabi'!D4:D5000) | F13: =SUM('GeetMP3 Punjabi'!M4:M5000) | G13: =IFERROR(F13/E13, 0) | H13: =IFERROR(F13/$F$16, 0)
B14: GeetMP3 Haryanvi | C14: Haryanvi Hits, Folk Rap & Dance | D14: =HYPERLINK("#'GeetMP3 Haryanvi'!A1", "➡ Open GeetMP3 Haryanvi Sheet") | E14: =COUNTA('GeetMP3 Haryanvi'!D4:D5000) | F14: =SUM('GeetMP3 Haryanvi'!M4:M5000) | G14: =IFERROR(F14/E14, 0) | H14: =IFERROR(F14/$F$16, 0)
B15: Geet MP3 Devotional | C15: Spiritual Bhajans, Aarti & Chants | D15: =HYPERLINK("#'Geet MP3 Devotional'!A1", "➡ Open Geet MP3 Devotional Sheet") | E15: =COUNTA('Geet MP3 Devotional'!D4:D5000) | F15: =SUM('Geet MP3 Devotional'!M4:M5000) | G15: =IFERROR(F15/E15, 0) | H15: =IFERROR(F15/$F$16, 0)
B16: TOTAL / NETWORK SUMMARY | E16: =SUM(E12:E15) | F16: =SUM(F12:F15) | G16: =IFERROR(F16/E16, 0) | H16: =SUM(H12:H15)
B19: RELEASE TYPE SUMMARY | G19: LANGUAGE DISTRIBUTION SUMMARY
B20: Release Type | C20: Track Count | D20: % Catalog Share | E20: Total Views | G20: Language | H20: Track Count | I20: % Catalog Share | J20: Total Views
B21: Single | C21: =COUNTIF('GeetMP3'!$F$4:$F$5000, "Single") + COUNTIF('GeetMP3 Punjabi'!$F$4:$F$5000, "Single") + COUNTIF('GeetMP3 Haryanvi'!$F$4:$F$5000, "Single") + COUNTIF('Geet MP3 Devotional'!$F$4:$F$5000, "Single") | D21: =IFERROR(C21/$E$16, 0) | E21: =SUMIF('GeetMP3'!$F$4:$F$5000, "Single", 'GeetMP3'!$M$4:$M$5000) + SUMIF('GeetMP3 Punjabi'!$F$4:$F$5000, "Single", 'GeetMP3 Punjabi'!$M$4:$M$5000) + SUMIF('GeetMP3 Haryanvi'!$F$4:$F$5000, "Single", 'GeetMP3 Haryanvi'!$M$4:$M$5000) + SUMIF('Geet MP3 Devotional'!$F$4:$F$5000, "Single", 'Geet MP3 Devotional'!$M$4:$M$5000) | G21: Punjabi | H21: =COUNTIF('GeetMP3'!$L$4:$L$5000, "Punjabi") + COUNTIF('GeetMP3 Punjabi'!$L$4:$L$5000, "Punjabi") + COUNTIF('GeetMP3 Haryanvi'!$L$4:$L$5000, "Punjabi") + COUNTIF('Geet MP3 Devotional'!$L$4:$L$5000, "Punjabi") | I21: =IFERROR(H21/$E$16, 0) | J21: =SUMIF('GeetMP3'!$L$4:$L$5000, "Punjabi", 'GeetMP3'!$M$4:$M$5000) + SUMIF('GeetMP3 Punjabi'!$L$4:$L$5000, "Punjabi", 'GeetMP3 Punjabi'!$M$4:$M$5000) + SUMIF('GeetMP3 Haryanvi'!$L$4:$L$5000, "Punjabi", 'GeetMP3 Haryanvi'!$M$4:$M$5000) + SUMIF('Geet MP3 Devotional'!$L$4:$L$5000, "Punjabi", 'Geet MP3 Devotional'!$M$4:$M$5000)
B22: Album | C22: =COUNTIF('GeetMP3'!$F$4:$F$5000, "Album") + COUNTIF('GeetMP3 Punjabi'!$F$4:$F$5000, "Album") + COUNTIF('GeetMP3 Haryanvi'!$F$4:$F$5000, "Album") + COUNTIF('Geet MP3 Devotional'!$F$4:$F$5000, "Album") | D22: =IFERROR(C22/$E$16, 0) | E22: =SUMIF('GeetMP3'!$F$4:$F$5000, "Album", 'GeetMP3'!$M$4:$M$5000) + SUMIF('GeetMP3 Punjabi'!$F$4:$F$5000, "Album", 'GeetMP3 Punjabi'!$M$4:$M$5000) + SUMIF('GeetMP3 Haryanvi'!$F$4:$F$5000, "Album", 'GeetMP3 Haryanvi'!$M$4:$M$5000) + SUMIF('Geet MP3 Devotional'!$F$4:$F$5000, "Album", 'Geet MP3 Devotional'!$M$4:$M$5000) | G22: Haryanvi | H22: =COUNTIF('GeetMP3'!$L$4:$L$5000, "Haryanvi") + COUNTIF('GeetMP3 Punjabi'!$L$4:$L$5000, "Haryanvi") + COUNTIF('GeetMP3 Haryanvi'!$L$4:$L$5000, "Haryanvi") + COUNTIF('Geet MP3 Devotional'!$L$4:$L$5000, "Haryanvi") | I22: =IFERROR(H22/$E$16, 0) | J22: =SUMIF('GeetMP3'!$L$4:$L$5000, "Haryanvi", 'GeetMP3'!$M$4:$M$5000) + SUMIF('GeetMP3 Punjabi'!$L$4:$L$5000, "Haryanvi", 'GeetMP3 Punjabi'!$M$4:$M$5000) + SUMIF('GeetMP3 Haryanvi'!$L$4:$L$5000, "Haryanvi", 'GeetMP3 Haryanvi'!$M$4:$M$5000) + SUMIF('Geet MP3 Devotional'!$L$4:$L$5000, "Haryanvi", 'Geet MP3 Devotional'!$M$4:$M$5000)
B23: Movie | C23: =COUNTIF('GeetMP3'!$F$4:$F$5000, "Movie") + COUNTIF('GeetMP3 Punjabi'!$F$4:$F$5000, "Movie") + COUNTIF('GeetMP3 Haryanvi'!$F$4:$F$5000, "Movie") + COUNTIF('Geet MP3 Devotional'!$F$4:$F$5000, "Movie") | D23: =IFERROR(C23/$E$16, 0) | E23: =SUMIF('GeetMP3'!$F$4:$F$5000, "Movie", 'GeetMP3'!$M$4:$M$5000) + SUMIF('GeetMP3 Punjabi'!$F$4:$F$5000, "Movie", 'GeetMP3 Punjabi'!$M$4:$M$5000) + SUMIF('GeetMP3 Haryanvi'!$F$4:$F$5000, "Movie", 'GeetMP3 Haryanvi'!$M$4:$M$5000) + SUMIF('Geet MP3 Devotional'!$F$4:$F$5000, "Movie", 'Geet MP3 Devotional'!$M$4:$M$5000) | G23: Hindi | H23: =COUNTIF('GeetMP3'!$L$4:$L$5000, "Hindi") + COUNTIF('GeetMP3 Punjabi'!$L$4:$L$5000, "Hindi") + COUNTIF('GeetMP3 Haryanvi'!$L$4:$L$5000, "Hindi") + COUNTIF('Geet MP3 Devotional'!$L$4:$L$5000, "Hindi") | I23: =IFERROR(H23/$E$16, 0) | J23: =SUMIF('GeetMP3'!$L$4:$L$5000, "Hindi", 'GeetMP3'!$M$4:$M$5000) + SUMIF('GeetMP3 Punjabi'!$L$4:$L$5000, "Hindi", 'GeetMP3 Punjabi'!$M$4:$M$5000) + SUMIF('GeetMP3 Haryanvi'!$L$4:$L$5000, "Hindi", 'GeetMP3 Haryanvi'!$M$4:$M$5000) + SUMIF('Geet MP3 Devotional'!$L$4:$L$5000, "Hindi", 'Geet MP3 Devotional'!$M$4:$M$5000)
B24: EP | C24: =COUNTIF('GeetMP3'!$F$4:$F$5000, "EP") + COUNTIF('GeetMP3 Punjabi'!$F$4:$F$5000, "EP") + COUNTIF('GeetMP3 Haryanvi'!$F$4:$F$5000, "EP") + COUNTIF('Geet MP3 Devotional'!$F$4:$F$5000, "EP") | D24: =IFERROR(C24/$E$16, 0) | E24: =SUMIF('GeetMP3'!$F$4:$F$5000, "EP", 'GeetMP3'!$M$4:$M$5000) + SUMIF('GeetMP3 Punjabi'!$F$4:$F$5000, "EP", 'GeetMP3 Punjabi'!$M$4:$M$5000) + SUMIF('GeetMP3 Haryanvi'!$F$4:$F$5000, "EP", 'GeetMP3 Haryanvi'!$M$4:$M$5000) + SUMIF('Geet MP3 Devotional'!$F$4:$F$5000, "EP", 'Geet MP3 Devotional'!$M$4:$M$5000) | G24: Devotional / Sanskrit | H24: =COUNTIF('GeetMP3'!$L$4:$L$5000, "Devotional / Sanskrit") + COUNTIF('GeetMP3 Punjabi'!$L$4:$L$5000, "Devotional / Sanskrit") + COUNTIF('GeetMP3 Haryanvi'!$L$4:$L$5000, "Devotional / Sanskrit") + COUNTIF('Geet MP3 Devotional'!$L$4:$L$5000, "Devotional / Sanskrit") | I24: =IFERROR(H24/$E$16, 0) | J24: =SUMIF('GeetMP3'!$L$4:$L$5000, "Devotional / Sanskrit", 'GeetMP3'!$M$4:$M$5000) + SUMIF('GeetMP3 Punjabi'!$L$4:$L$5000, "Devotional / Sanskrit", 'GeetMP3 Punjabi'!$M$4:$M$5000) + SUMIF('GeetMP3 Haryanvi'!$L$4:$L$5000, "Devotional / Sanskrit", 'GeetMP3 Haryanvi'!$M$4:$M$5000) + SUMIF('Geet MP3 Devotional'!$L$4:$L$5000, "Devotional / Sanskrit", 'Geet MP3 Devotional'!$M$4:$M$5000)
B25: Other | C25: =COUNTIF('GeetMP3'!$F$4:$F$5000, "Other") + COUNTIF('GeetMP3 Punjabi'!$F$4:$F$5000, "Other") + COUNTIF('GeetMP3 Haryanvi'!$F$4:$F$5000, "Other") + COUNTIF('Geet MP3 Devotional'!$F$4:$F$5000, "Other") | D25: =IFERROR(C25/$E$16, 0) | E25: =SUMIF('GeetMP3'!$F$4:$F$5000, "Other", 'GeetMP3'!$M$4:$M$5000) + SUMIF('GeetMP3 Punjabi'!$F$4:$F$5000, "Other", 'GeetMP3 Punjabi'!$M$4:$M$5000) + SUMIF('GeetMP3 Haryanvi'!$F$4:$F$5000, "Other", 'GeetMP3 Haryanvi'!$M$4:$M$5000) + SUMIF('Geet MP3 Devotional'!$F$4:$F$5000, "Other", 'Geet MP3 Devotional'!$M$4:$M$5000) | G25: Other | H25: =COUNTIF('GeetMP3'!$L$4:$L$5000, "Other") + COUNTIF('GeetMP3 Punjabi'!$L$4:$L$5000, "Other") + COUNTIF('GeetMP3 Haryanvi'!$L$4:$L$5000, "Other") + COUNTIF('Geet MP3 Devotional'!$L$4:$L$5000, "Other") | I25: =IFERROR(H25/$E$16, 0) | J25: =SUMIF('GeetMP3'!$L$4:$L$5000, "Other", 'GeetMP3'!$M$4:$M$5000) + SUMIF('GeetMP3 Punjabi'!$L$4:$L$5000, "Other", 'GeetMP3 Punjabi'!$M$4:$M$5000) + SUMIF('GeetMP3 Haryanvi'!$L$4:$L$5000, "Other", 'GeetMP3 Haryanvi'!$M$4:$M$5000) + SUMIF('Geet MP3 Devotional'!$L$4:$L$5000, "Other", 'Geet MP3 Devotional'!$M$4:$M$5000)
B26: TOTAL | C26: =SUM(C21:C25) | D26: =SUM(D21:D25) | E26: =SUM(E21:E25) | G26: TOTAL | H26: =SUM(H21:H25) | I26: =SUM(I21:I25) | J26: =SUM(J21:J25)
B29: STREAMING PLATFORM DISTRIBUTION AUDIT | G29: YEARLY RELEASE CADENCE & PERFORMANCE
B30: Platform Name | C30: Catalog Column | D30: Tracks Linked | E30: Catalog Coverage | F30: Operational Status | G30: Release Year | H30: Songs Released | I30: % Catalog Share | J30: Total YouTube Views
B31: YouTube Video Links | C31: Col O | D31: =COUNTA('GeetMP3'!$O$4:$O$5000) + COUNTA('GeetMP3 Punjabi'!$O$4:$O$5000) + COUNTA('GeetMP3 Haryanvi'!$O$4:$O$5000) + COUNTA('Geet MP3 Devotional'!$O$4:$O$5000) | E31: =IFERROR(D31/$E$16, 0) | F31: =IF(E31>=0.9,"Complete / 90%+","Pending Uploads") | G31: 2024 | H31: =COUNTIFS('GeetMP3'!$C$4:$C$5000, ">=2024-01-01", 'GeetMP3'!$C$4:$C$5000, "<=2024-12-31") + COUNTIFS('GeetMP3 Punjabi'!$C$4:$C$5000, ">=2024-01-01", 'GeetMP3 Punjabi'!$C$4:$C$5000, "<=2024-12-31") + COUNTIFS('GeetMP3 Haryanvi'!$C$4:$C$5000, ">=2024-01-01", 'GeetMP3 Haryanvi'!$C$4:$C$5000, "<=2024-12-31") + COUNTIFS('Geet MP3 Devotional'!$C$4:$C$5000, ">=2024-01-01", 'Geet MP3 Devotional'!$C$4:$C$5000, "<=2024-12-31") | I31: =IFERROR(H31/$E$16, 0) | J31: =SUMIFS('GeetMP3'!$M$4:$M$5000, 'GeetMP3'!$C$4:$C$5000, ">=2024-01-01", 'GeetMP3'!$C$4:$C$5000, "<=2024-12-31") + SUMIFS('GeetMP3 Punjabi'!$M$4:$M$5000, 'GeetMP3 Punjabi'!$C$4:$C$5000, ">=2024-01-01", 'GeetMP3 Punjabi'!$C$4:$C$5000, "<=2024-12-31") + SUMIFS('GeetMP3 Haryanvi'!$M$4:$M$5000, 'GeetMP3 Haryanvi'!$C$4:$C$5000, ">=2024-01-01", 'GeetMP3 Haryanvi'!$C$4:$C$5000, "<=2024-12-31") + SUMIFS('Geet MP3 Devotional'!$M$4:$M$5000, 'Geet MP3 Devotional'!$C$4:$C$5000, ">=2024-01-01", 'Geet MP3 Devotional'!$C$4:$C$5000, "<=2024-12-31")
B32: Spotify Track Links | C32: Col P | D32: =COUNTA('GeetMP3'!$P$4:$P$5000) + COUNTA('GeetMP3 Punjabi'!$P$4:$P$5000) + COUNTA('GeetMP3 Haryanvi'!$P$4:$P$5000) + COUNTA('Geet MP3 Devotional'!$P$4:$P$5000) | E32: =IFERROR(D32/$E$16, 0) | F32: =IF(E32>=0.9,"Complete / 90%+","Pending Uploads") | G32: 2023 | H32: =COUNTIFS('GeetMP3'!$C$4:$C$5000, ">=2023-01-01", 'GeetMP3'!$C$4:$C$5000, "<=2023-12-31") + COUNTIFS('GeetMP3 Punjabi'!$C$4:$C$5000, ">=2023-01-01", 'GeetMP3 Punjabi'!$C$4:$C$5000, "<=2023-12-31") + COUNTIFS('GeetMP3 Haryanvi'!$C$4:$C$5000, ">=2023-01-01", 'GeetMP3 Haryanvi'!$C$4:$C$5000, "<=2023-12-31") + COUNTIFS('Geet MP3 Devotional'!$C$4:$C$5000, ">=2023-01-01", 'Geet MP3 Devotional'!$C$4:$C$5000, "<=2023-12-31") | I32: =IFERROR(H32/$E$16, 0) | J32: =SUMIFS('GeetMP3'!$M$4:$M$5000, 'GeetMP3'!$C$4:$C$5000, ">=2023-01-01", 'GeetMP3'!$C$4:$C$5000, "<=2023-12-31") + SUMIFS('GeetMP3 Punjabi'!$M$4:$M$5000, 'GeetMP3 Punjabi'!$C$4:$C$5000, ">=2023-01-01", 'GeetMP3 Punjabi'!$C$4:$C$5000, "<=2023-12-31") + SUMIFS('GeetMP3 Haryanvi'!$M$4:$M$5000, 'GeetMP3 Haryanvi'!$C$4:$C$5000, ">=2023-01-01", 'GeetMP3 Haryanvi'!$C$4:$C$5000, "<=2023-12-31") + SUMIFS('Geet MP3 Devotional'!$M$4:$M$5000, 'Geet MP3 Devotional'!$C$4:$C$5000, ">=2023-01-01", 'Geet MP3 Devotional'!$C$4:$C$5000, "<=2023-12-31")
B33: Apple Music Links | C33: Col Q | D33: =COUNTA('GeetMP3'!$Q$4:$Q$5000) + COUNTA('GeetMP3 Punjabi'!$Q$4:$Q$5000) + COUNTA('GeetMP3 Haryanvi'!$Q$4:$Q$5000) + COUNTA('Geet MP3 Devotional'!$Q$4:$Q$5000) | E33: =IFERROR(D33/$E$16, 0) | F33: =IF(E33>=0.9,"Complete / 90%+","Pending Uploads") | G33: 2022 | H33: =COUNTIFS('GeetMP3'!$C$4:$C$5000, ">=2022-01-01", 'GeetMP3'!$C$4:$C$5000, "<=2022-12-31") + COUNTIFS('GeetMP3 Punjabi'!$C$4:$C$5000, ">=2022-01-01", 'GeetMP3 Punjabi'!$C$4:$C$5000, "<=2022-12-31") + COUNTIFS('GeetMP3 Haryanvi'!$C$4:$C$5000, ">=2022-01-01", 'GeetMP3 Haryanvi'!$C$4:$C$5000, "<=2022-12-31") + COUNTIFS('Geet MP3 Devotional'!$C$4:$C$5000, ">=2022-01-01", 'Geet MP3 Devotional'!$C$4:$C$5000, "<=2022-12-31") | I33: =IFERROR(H33/$E$16, 0) | J33: =SUMIFS('GeetMP3'!$M$4:$M$5000, 'GeetMP3'!$C$4:$C$5000, ">=2022-01-01", 'GeetMP3'!$C$4:$C$5000, "<=2022-12-31") + SUMIFS('GeetMP3 Punjabi'!$M$4:$M$5000, 'GeetMP3 Punjabi'!$C$4:$C$5000, ">=2022-01-01", 'GeetMP3 Punjabi'!$C$4:$C$5000, "<=2022-12-31") + SUMIFS('GeetMP3 Haryanvi'!$M$4:$M$5000, 'GeetMP3 Haryanvi'!$C$4:$C$5000, ">=2022-01-01", 'GeetMP3 Haryanvi'!$C$4:$C$5000, "<=2022-12-31") + SUMIFS('Geet MP3 Devotional'!$M$4:$M$5000, 'Geet MP3 Devotional'!$C$4:$C$5000, ">=2022-01-01", 'Geet MP3 Devotional'!$C$4:$C$5000, "<=2022-12-31")
B34: JioSaavn Links | C34: Col R | D34: =COUNTA('GeetMP3'!$R$4:$R$5000) + COUNTA('GeetMP3 Punjabi'!$R$4:$R$5000) + COUNTA('GeetMP3 Haryanvi'!$R$4:$R$5000) + COUNTA('Geet MP3 Devotional'!$R$4:$R$5000) | E34: =IFERROR(D34/$E$16, 0) | F34: =IF(E34>=0.9,"Complete / 90%+","Pending Uploads") | G34: 2021 | H34: =COUNTIFS('GeetMP3'!$C$4:$C$5000, ">=2021-01-01", 'GeetMP3'!$C$4:$C$5000, "<=2021-12-31") + COUNTIFS('GeetMP3 Punjabi'!$C$4:$C$5000, ">=2021-01-01", 'GeetMP3 Punjabi'!$C$4:$C$5000, "<=2021-12-31") + COUNTIFS('GeetMP3 Haryanvi'!$C$4:$C$5000, ">=2021-01-01", 'GeetMP3 Haryanvi'!$C$4:$C$5000, "<=2021-12-31") + COUNTIFS('Geet MP3 Devotional'!$C$4:$C$5000, ">=2021-01-01", 'Geet MP3 Devotional'!$C$4:$C$5000, "<=2021-12-31") | I34: =IFERROR(H34/$E$16, 0) | J34: =SUMIFS('GeetMP3'!$M$4:$M$5000, 'GeetMP3'!$C$4:$C$5000, ">=2021-01-01", 'GeetMP3'!$C$4:$C$5000, "<=2021-12-31") + SUMIFS('GeetMP3 Punjabi'!$M$4:$M$5000, 'GeetMP3 Punjabi'!$C$4:$C$5000, ">=2021-01-01", 'GeetMP3 Punjabi'!$C$4:$C$5000, "<=2021-12-31") + SUMIFS('GeetMP3 Haryanvi'!$M$4:$M$5000, 'GeetMP3 Haryanvi'!$C$4:$C$5000, ">=2021-01-01", 'GeetMP3 Haryanvi'!$C$4:$C$5000, "<=2021-12-31") + SUMIFS('Geet MP3 Devotional'!$M$4:$M$5000, 'Geet MP3 Devotional'!$C$4:$C$5000, ">=2021-01-01", 'Geet MP3 Devotional'!$C$4:$C$5000, "<=2021-12-31")
B35: Gaana Links | C35: Col S | D35: =COUNTA('GeetMP3'!$S$4:$S$5000) + COUNTA('GeetMP3 Punjabi'!$S$4:$S$5000) + COUNTA('GeetMP3 Haryanvi'!$S$4:$S$5000) + COUNTA('Geet MP3 Devotional'!$S$4:$S$5000) | E35: =IFERROR(D35/$E$16, 0) | F35: =IF(E35>=0.9,"Complete / 90%+","Pending Uploads") | G35: 2020 & Earlier | H35: =COUNTIFS('GeetMP3'!$C$4:$C$5000, "<=2020-12-31", 'GeetMP3'!$C$4:$C$5000, ">1900-01-01") + COUNTIFS('GeetMP3 Punjabi'!$C$4:$C$5000, "<=2020-12-31", 'GeetMP3 Punjabi'!$C$4:$C$5000, ">1900-01-01") + COUNTIFS('GeetMP3 Haryanvi'!$C$4:$C$5000, "<=2020-12-31", 'GeetMP3 Haryanvi'!$C$4:$C$5000, ">1900-01-01") + COUNTIFS('Geet MP3 Devotional'!$C$4:$C$5000, "<=2020-12-31", 'Geet MP3 Devotional'!$C$4:$C$5000, ">1900-01-01") | I35: =IFERROR(H35/$E$16, 0) | J35: =SUMIFS('GeetMP3'!$M$4:$M$5000, 'GeetMP3'!$C$4:$C$5000, "<=2020-12-31") + SUMIFS('GeetMP3 Punjabi'!$M$4:$M$5000, 'GeetMP3 Punjabi'!$C$4:$C$5000, "<=2020-12-31") + SUMIFS('GeetMP3 Haryanvi'!$M$4:$M$5000, 'GeetMP3 Haryanvi'!$C$4:$C$5000, "<=2020-12-31") + SUMIFS('Geet MP3 Devotional'!$M$4:$M$5000, 'Geet MP3 Devotional'!$C$4:$C$5000, "<=2020-12-31")
B36: Instagram Audio Links | C36: Col T | D36: =COUNTA('GeetMP3'!$T$4:$T$5000) + COUNTA('GeetMP3 Punjabi'!$T$4:$T$5000) + COUNTA('GeetMP3 Haryanvi'!$T$4:$T$5000) + COUNTA('Geet MP3 Devotional'!$T$4:$T$5000) | E36: =IFERROR(D36/$E$16, 0) | F36: =IF(E36>=0.9,"Complete / 90%+","Pending Uploads") | G36: TOTAL | H36: =SUM(H31:H35) | I36: =SUM(I31:I35) | J36: =SUM(J31:J35)

Sheet GeetMP3
A1: GEETMP3 - GEETMP3 SONG CATALOG & METADATA MANAGEMENT | R1: =HYPERLINK("#'Dashboard'!A1", "⬅ Return to Executive Dashboard")
A2: Official GeetMP3 Channel | Mainstream Pop, Superhit Singles & Flagship Releases | Real-time synchronized with central dashboard. Scalable for 10,000+ tracks.
A3: Sr. No. | B3: Label | C3: Release Date | D3: Song Name | E3: Album / Project | F3: Release Type | G3: Singer | H3: Lyricist | I3: Composer | J3: Music Director | K3: Video Director | L3: Language | M3: YouTube Views | N3: Video Duration | O3: YouTube Link | P3: Spotify | Q3: Apple Music | R3: JioSaavn | S3: Gaana | T3: Instagram Audio Link | U3: Remarks
A4: 1 | B4: GeetMP3 | C4: 43690 | D4: Lehanga | E4: Lehanga | F4: Single | G4: Jass Manak | H4: Jass Manak | I4: Jass Manak | J4: Sharry Nexus | K4: Satti Dhillon | L4: Punjabi | M4: 1680000000 | N4: 03:45 | O4: https://youtube.com/watch?v=IEDEtZ4UVtE | P4: https://open.spotify.com/track/4iJyoBOLtH0GxOxHG2j | Q4: https://music.apple.com/song/lehanga | R4: https://jiosaavn.com/song/lehanga | S4: https://gaana.com/song/lehanga | T4: https://instagram.com/reels/audio/lehanga | U4: All-time highest streamed track; blockbuster viral reel anthem
A5: 2 | B5: GeetMP3 | C5: 43416 | D5: Prada | E5: Prada | F5: Single | G5: Jass Manak | H5: Jass Manak | I5: Jass Manak | J5: Ar Deep | K5: Satti Dhillon | L5: Punjabi | M5: 840000000 | N5: 03:28 | O5: https://youtube.com/watch?v=dZ0fwJojhrs | P5: https://open.spotify.com/track/prada | Q5: https://music.apple.com/song/prada | R5: https://jiosaavn.com/song/prada | S5: https://gaana.com/song/prada | T5: https://instagram.com/reels/audio/prada | U5: Breakthrough debut hit of Jass Manak
A6: 3 | B6: GeetMP3 | C6: 43875 | D6: Suit Punjabi | E6: Age 19 | F6: Album | G6: Jass Manak | H6: Jass Manak | I6: Jass Manak | J6: Sharry Nexus | K6: Satti Dhillon | L6: Punjabi | M6: 390000000 | N6: 03:15 | O6: https://youtube.com/watch?v=suitpunjabi | P6: https://open.spotify.com/track/suitpunjabi | Q6: https://music.apple.com/song/suitpunjabi | R6: https://jiosaavn.com/song/suitpunjabi | S6: https://gaana.com/song/suitpunjabi | T6: https://instagram.com/reels/audio/suitpunjabi | U6: Featured track on Age 19 album
A7: 4 | B7: GeetMP3 | C7: 43105 | D7: Yaar Beli | E7: Yaar Beli | F7: Single | G7: Guri | H7: Avtar Dhaliwal | I7: Deep Jandu | J7: Deep Jandu | K7: Parmish Verma | L7: Punjabi | M7: 295000000 | N7: 03:40 | O7: https://youtube.com/watch?v=yaar_beli | P7: https://open.spotify.com/track/yaar_beli | Q7: https://music.apple.com/song/yaar_beli | R7: https://jiosaavn.com/song/yaar_beli | S7: https://gaana.com/song/yaar_beli | T7: https://instagram.com/reels/audio/yaar_beli | U7: Foundational hit for Guri on GeetMP3 label
A8: 5 | B8: GeetMP3 | C8: 44367 | D8: Chete Karda | E8: Bad Munda | F8: Album | G8: Jass Manak | H8: Jass Manak | I8: Jass Manak | J8: Game Changerz | K8: Satti Dhillon | L8: Punjabi | M8: 185000000 | N8: 03:32 | O8: https://youtube.com/watch?v=chete_karda | P8: https://open.spotify.com/track/chete_karda | Q8: https://music.apple.com/song/chete_karda | R8: https://jiosaavn.com/song/chete_karda | S8: https://gaana.com/song/chete_karda | T8: https://instagram.com/reels/audio/chete_karda | U8: Lead romantic single from Bad Munda album
A9: =IF(D9<>"",ROW()-3,"") | B9: =IF(D9<>"", "GeetMP3", "")
A10: =IF(D10<>"",ROW()-3,"") | B10: =IF(D10<>"", "GeetMP3", "")
A11: =IF(D11<>"",ROW()-3,"") | B11: =IF(D11<>"", "GeetMP3", "")
A12: =IF(D12<>"",ROW()-3,"") | B12: =IF(D12<>"", "GeetMP3", "")
A13: =IF(D13<>"",ROW()-3,"") | B13: =IF(D13<>"", "GeetMP3", "")
A14: =IF(D14<>"",ROW()-3,"") | B14: =IF(D14<>"", "GeetMP3", "")
A15: =IF(D15<>"",ROW()-3,"") | B15: =IF(D15<>"", "GeetMP3", "")
A16: =IF(D16<>"",ROW()-3,"") | B16: =IF(D16<>"", "GeetMP3", "")
A17: =IF(D17<>"",ROW()-3,"") | B17: =IF(D17<>"", "GeetMP3", "")
A18: =IF(D18<>"",ROW()-3,"") | B18: =IF(D18<>"", "GeetMP3", "")
A19: =IF(D19<>"",ROW()-3,"") | B19: =IF(D19<>"", "GeetMP3", "")
A20: =IF(D20<>"",ROW()-3,"") | B20: =IF(D20<>"", "GeetMP3", "")
... A30: =IF(D30<>"",ROW()-3,"") | B30: =IF(D30<>"", "GeetMP3", "")

Sheet GeetMP3 Punjabi
A1: GEETMP3 - GEETMP3 PUNJABI SONG CATALOG & METADATA MANAGEMENT | R1: =HYPERLINK("#'Dashboard'!A1", "⬅ Return to Executive Dashboard")
A2: GeetMP3 Punjabi Official | Regional Punjabi Music, Desi Beats & Folk Productions | Real-time synchronized with central dashboard. Scalable for 10,000+ tracks.
A3: Sr. No. | B3: Label | C3: Release Date | D3: Song Name | E3: Album / Project | F3: Release Type | G3: Singer | H3: Lyricist | I3: Composer | J3: Music Director | K3: Video Director | L3: Language | M3: YouTube Views | N3: Video Duration | O3: YouTube Link | P3: Spotify | Q3: Apple Music | R3: JioSaavn | S3: Gaana | T3: Instagram Audio Link | U3: Remarks
A4: 1 | B4: GeetMP3 Punjabi | C4: 44630 | D4: Kala Tikka | E4: Kala Tikka | F4: Single | G4: Guri | H4: Guri | I4: Guri | J4: Snappy | K4: Satti Dhillon | L4: Punjabi | M4: 85000000 | N4: 03:12 | O4: https://youtube.com/watch?v=kala_tikka | P4: https://open.spotify.com/track/kala_tikka | Q4: https://music.apple.com/song/kala_tikka | R4: https://jiosaavn.com/song/kala_tikka | S4: https://gaana.com/song/kala_tikka | T4: https://instagram.com/reels/audio/kala_tikka | U4: High-engagement wedding season single
A5: 2 | B5: GeetMP3 Punjabi | C5: 44525 | D5: Girlfriend | E5: No Compete | F5: EP | G5: Jass Manak | H5: Jass Manak | I5: Jass Manak | J5: Satti Dhillon | K5: Satti Dhillon | L5: Punjabi | M5: 110000000 | N5: 02:58 | O5: https://youtube.com/watch?v=girlfriend | P5: https://open.spotify.com/track/girlfriend | Q5: https://music.apple.com/song/girlfriend | R5: https://jiosaavn.com/song/girlfriend | S5: https://gaana.com/song/girlfriend | T5: https://instagram.com/reels/audio/girlfriend | U5: Short-form video hit across reels & shorts
A6: 3 | B6: GeetMP3 Punjabi | C6: 44944 | D6: Chann Sitare (Folk Mix) | E6: Heritage Vol 1 | F6: EP | G6: Ammy Virk | H6: Harmanjeet | I6: Gurmeet Singh | J6: Gurmeet Singh | K6: Navjit Buttar | L6: Punjabi | M6: 64000000 | N6: 04:10 | O6: https://youtube.com/watch?v=chann_sitare | P6: https://open.spotify.com/track/chann_sitare | Q6: https://music.apple.com/song/chann_sitare | R6: https://jiosaavn.com/song/chann_sitare | S6: https://gaana.com/song/chann_sitare | T6: https://instagram.com/reels/audio/chann_sitare | U6: Acoustic traditional folk rendition
A7: 4 | B7: GeetMP3 Punjabi | C7: 44809 | D7: Majhail | E7: Majhail | F7: Single | G7: AP Dhillon / Gurinder | H7: Shinda Kahlon | I7: Gminxr | J7: Gminxr | K7: Rahul Chahal | L7: Punjabi | M7: 92000000 | N7: 03:22 | O7: https://youtube.com/watch?v=majhail | P7: https://open.spotify.com/track/majhail | Q7: https://music.apple.com/song/majhail | R7: https://jiosaavn.com/song/majhail | S7: https://gaana.com/song/majhail | T7: https://instagram.com/reels/audio/majhail | U7: Collaboration release on regional imprint
A8: 5 | B8: GeetMP3 Punjabi | C8: 44057 | D8: Viah | E8: Age 19 | F8: Album | G8: Jass Manak | H8: Jass Manak | I8: Jass Manak | J8: Snappy | K8: Satti Dhillon | L8: Punjabi | M8: 145000000 | N8: 03:30 | O8: https://youtube.com/watch?v=viah | P8: https://open.spotify.com/track/viah | Q8: https://music.apple.com/song/viah | R8: https://jiosaavn.com/song/viah | S8: https://gaana.com/song/viah | T8: https://instagram.com/reels/audio/viah | U8: Evergreen marriage playlist anthem
A9: =IF(D9<>"",ROW()-3,"") | B9: =IF(D9<>"", "GeetMP3 Punjabi", "")
A10: =IF(D10<>"",ROW()-3,"") | B10: =IF(D10<>"", "GeetMP3 Punjabi", "")
A11: =IF(D11<>"",ROW()-3,"") | B11: =IF(D11<>"", "GeetMP3 Punjabi", "")
A12: =IF(D12<>"",ROW()-3,"") | B12: =IF(D12<>"", "GeetMP3 Punjabi", "")
A13: =IF(D13<>"",ROW()-3,"") | B13: =IF(D13<>"", "GeetMP3 Punjabi", "")
A14: =IF(D14<>"",ROW()-3,"") | B14: =IF(D14<>"", "GeetMP3 Punjabi", "")
A15: =IF(D15<>"",ROW()-3,"") | B15: =IF(D15<>"", "GeetMP3 Punjabi", "")
A16: =IF(D16<>"",ROW()-3,"") | B16: =IF(D16<>"", "GeetMP3 Punjabi", "")
A17: =IF(D17<>"",ROW()-3,"") | B17: =IF(D17<>"", "GeetMP3 Punjabi", "")
A18: =IF(D18<>"",ROW()-3,"") | B18: =IF(D18<>"", "GeetMP3 Punjabi", "")
A19: =IF(D19<>"",ROW()-3,"") | B19: =IF(D19<>"", "GeetMP3 Punjabi", "")
A20: =IF(D20<>"",ROW()-3,"") | B20: =IF(D20<>"", "GeetMP3 Punjabi", "")
... A30: =IF(D30<>"",ROW()-3,"") | B30: =IF(D30<>"", "GeetMP3 Punjabi", "")

Sheet GeetMP3 Haryanvi
A1: GEETMP3 - GEETMP3 HARYANVI SONG CATALOG & METADATA MANAGEMENT | R1: =HYPERLINK("#'Dashboard'!A1", "⬅ Return to Executive Dashboard")
A2: GeetMP3 Haryanvi | Desi Haryanvi Ragni, Urban Beats, Dance Hits & Folk Rap | Real-time synchronized with central dashboard. Scalable for 10,000+ tracks.
A3: Sr. No. | B3: Label | C3: Release Date | D3: Song Name | E3: Album / Project | F3: Release Type | G3: Singer | H3: Lyricist | I3: Composer | J3: Music Director | K3: Video Director | L3: Language | M3: YouTube Views | N3: Video Duration | O3: YouTube Link | P3: Spotify | Q3: Apple Music | R3: JioSaavn | S3: Gaana | T3: Instagram Audio Link | U3: Remarks
A4: 1 | B4: GeetMP3 Haryanvi | C4: 44693 | D4: Gypsy (Balam Thanedar) | E4: Gypsy | F4: Single | G4: GD Kaur | H4: Pranjal Dahiya | I4: Diler Kharkiya | J4: Diler Kharkiya | K4: Meet Bros | L4: Haryanvi | M4: 540000000 | N4: 03:10 | O4: https://youtube.com/watch?v=balam_thanedar | P4: https://open.spotify.com/track/gypsy | Q4: https://music.apple.com/song/gypsy | R4: https://jiosaavn.com/song/gypsy | S4: https://gaana.com/song/gypsy | T4: https://instagram.com/reels/audio/gypsy | U4: Mega viral dance track across North India
A5: 2 | B5: GeetMP3 Haryanvi | C5: 44115 | D5: 52 Gaj Ka Daman | E5: 52 Gaj | F5: Single | G5: Renuka Panwar | H5: Mukesh Jaji | I5: Aman Jaji | J5: Aman Jaji | K5: Sahil Sandhu | L5: Haryanvi | M5: 1450000000 | N5: 03:05 | O5: https://youtube.com/watch?v=52_gaj | P5: https://open.spotify.com/track/52_gaj | Q5: https://music.apple.com/song/52_gaj | R5: https://jiosaavn.com/song/52_gaj | S5: https://gaana.com/song/52_gaj | T5: https://instagram.com/reels/audio/52_gaj | U5: Record-breaking Haryanvi cultural anthem
A6: 3 | B6: GeetMP3 Haryanvi | C6: 44304 | D6: Moto | E6: Desi Hip Hop | F6: Single | G6: Diler Kharkiya | H6: Ajay Hooda | I6: Aman Jaji | J6: Aman Jaji | K6: Ameet Choudhary | L6: Haryanvi | M6: 620000000 | N6: 03:15 | O6: https://youtube.com/watch?v=moto | P6: https://open.spotify.com/track/moto | Q6: https://music.apple.com/song/moto | R6: https://jiosaavn.com/song/moto | S6: https://gaana.com/song/moto | T6: https://instagram.com/reels/audio/moto | U6: Superhit club & wedding dance staple
A7: 4 | B7: GeetMP3 Haryanvi | C7: 45129 | D7: Kothe Chad Lalkaru | E7: Desi Beats | F7: Single | G7: Renuka Panwar | H7: Rakesh Majreya | I7: Aman Jaji | J7: Aman Jaji | K7: Sahil Sandhu | L7: Haryanvi | M7: 78000000 | N7: 03:20 | O7: https://youtube.com/watch?v=kothe_chad | P7: https://open.spotify.com/track/kothe_chad | Q7: https://music.apple.com/song/kothe_chad | R7: https://jiosaavn.com/song/kothe_chad | S7: https://gaana.com/song/kothe_chad | T7: https://instagram.com/reels/audio/kothe_chad | U7: Popular regional summer single
A8: 5 | B8: GeetMP3 Haryanvi | C8: 44895 | D8: Gulab | E8: Gulab EP | F8: EP | G8: Khasa Aala Chahar | H8: Khasa Aala Chahar | I8: Bamboo Beats | J8: Bamboo Beats | K8: Garry Khatrao | L8: Haryanvi | M8: 95000000 | N8: 03:00 | O8: https://youtube.com/watch?v=gulab | P8: https://open.spotify.com/track/gulab | Q8: https://music.apple.com/song/gulab | R8: https://jiosaavn.com/song/gulab | S8: https://gaana.com/song/gulab | T8: https://instagram.com/reels/audio/gulab | U8: Top-charting street rap production
A9: =IF(D9<>"",ROW()-3,"") | B9: =IF(D9<>"", "GeetMP3 Haryanvi", "")
A10: =IF(D10<>"",ROW()-3,"") | B10: =IF(D10<>"", "GeetMP3 Haryanvi", "")
A11: =IF(D11<>"",ROW()-3,"") | B11: =IF(D11<>"", "GeetMP3 Haryanvi", "")
A12: =IF(D12<>"",ROW()-3,"") | B12: =IF(D12<>"", "GeetMP3 Haryanvi", "")
A13: =IF(D13<>"",ROW()-3,"") | B13: =IF(D13<>"", "GeetMP3 Haryanvi", "")
A14: =IF(D14<>"",ROW()-3,"") | B14: =IF(D14<>"", "GeetMP3 Haryanvi", "")
A15: =IF(D15<>"",ROW()-3,"") | B15: =IF(D15<>"", "GeetMP3 Haryanvi", "")
A16: =IF(D16<>"",ROW()-3,"") | B16: =IF(D16<>"", "GeetMP3 Haryanvi", "")
A17: =IF(D17<>"",ROW()-3,"") | B17: =IF(D17<>"", "GeetMP3 Haryanvi", "")
A18: =IF(D18<>"",ROW()-3,"") | B18: =IF(D18<>"", "GeetMP3 Haryanvi", "")
A19: =IF(D19<>"",ROW()-3,"") | B19: =IF(D19<>"", "GeetMP3 Haryanvi", "")
A20: =IF(D20<>"",ROW()-3,"") | B20: =IF(D20<>"", "GeetMP3 Haryanvi", "")
... A30: =IF(D30<>"",ROW()-3,"") | B30: =IF(D30<>"", "GeetMP3 Haryanvi", "")

Sheet Geet MP3 Devotional
A1: GEETMP3 - GEET MP3 DEVOTIONAL SONG CATALOG & METADATA MANAGEMENT | R1: =HYPERLINK("#'Dashboard'!A1", "⬅ Return to Executive Dashboard")
A2: Geet MP3 Devotional | Spiritual Bhajans, Aarti, Kirtan, Chants & Shabad Gurbani | Real-time synchronized with central dashboard. Scalable for 10,000+ tracks.
A3: Sr. No. | B3: Label | C3: Release Date | D3: Song Name | E3: Album / Project | F3: Release Type | G3: Singer | H3: Lyricist | I3: Composer | J3: Music Director | K3: Video Director | L3: Language | M3: YouTube Views | N3: Video Duration | O3: YouTube Link | P3: Spotify | Q3: Apple Music | R3: JioSaavn | S3: Gaana | T3: Instagram Audio Link | U3: Remarks
A4: 1 | B4: Geet MP3 Devotional | C4: 44197 | D4: Shri Hanuman Chalisa | E4: Sankat Mochan | F4: Album | G4: Hariharan | H4: Traditional | I4: Lalit Sen | J4: Lalit Sen | K4: Rameshwar Prasad | L4: Hindi | M4: 420000000 | N4: 09:45 | O4: https://youtube.com/watch?v=hanuman_chalisa | P4: https://open.spotify.com/track/hanuman_chalisa | Q4: https://music.apple.com/song/hanuman_chalisa | R4: https://jiosaavn.com/song/hanuman_chalisa | S4: https://gaana.com/song/hanuman_chalisa | T4: https://instagram.com/reels/audio/hanuman_chalisa | U4: Morning devotional staple, evergreen daily streams
A5: 2 | B5: Geet MP3 Devotional | C5: 44792 | D5: Achyutam Keshavam | E5: Krishna Leela | F5: Single | G5: Vikram Hazra | H5: Traditional | I5: Vikram Hazra | J5: Vikram Hazra | K5: Brijesh Sharma | L5: Devotional / Sanskrit | M5: 165000000 | N5: 06:12 | O5: https://youtube.com/watch?v=achyutam_keshavam | P5: https://open.spotify.com/track/achyutam_keshavam | Q5: https://music.apple.com/song/achyutam_keshavam | R5: https://jiosaavn.com/song/achyutam_keshavam | S5: https://gaana.com/song/achyutam_keshavam | T5: https://instagram.com/reels/audio/achyutam_keshavam | U5: Janmashtami viral devotional anthem
A6: 3 | B6: Geet MP3 Devotional | C6: 44149 | D6: Maha Mrityunjaya Mantra 108 Times | E6: Shiva Shambhu | F6: Single | G6: Rattan Mohan Sharma | H6: Traditional | I6: Pandit Jasraj | J6: Pandit Jasraj | K6: Dharmesh Soni | L6: Devotional / Sanskrit | M6: 210000000 | N6: 28:30 | O6: https://youtube.com/watch?v=maha_mrityunjaya | P6: https://open.spotify.com/track/maha_mrityunjaya | Q6: https://music.apple.com/song/maha_mrityunjaya | R6: https://jiosaavn.com/song/maha_mrityunjaya | S6: https://gaana.com/song/maha_mrityunjaya | T6: https://instagram.com/reels/audio/maha_mrityunjaya | U6: Continuous meditative chanting recording
A7: 4 | B7: Geet MP3 Devotional | C7: 45007 | D7: Jai Ganesh Deva (Aarti) | E7: Aarti Sangrah | F7: EP | G7: Anuradha Paudwal | H7: Traditional | I7: Arun Paudwal | J7: Arun Paudwal | K7: Surinder Sodhi | L7: Hindi | M7: 130000000 | N7: 04:55 | O7: https://youtube.com/watch?v=jai_ganesh | P7: https://open.spotify.com/track/jai_ganesh | Q7: https://music.apple.com/song/jai_ganesh | R7: https://jiosaavn.com/song/jai_ganesh | S7: https://gaana.com/song/jai_ganesh | T7: https://instagram.com/reels/audio/jai_ganesh | U7: Festive Ganesh Chaturthi essential
A8: 5 | B8: Geet MP3 Devotional | C8: 44836 | D8: Mata Rani Ke Bhajan (Bhor Bhai Din) | E8: Mata Ki Bhentein | F8: Album | G8: Narendra Chanchal | H8: Traditional | I8: Surinder Sodhi | J8: Surinder Sodhi | K8: Pawan Kumar | L8: Hindi | M8: 88000000 | N8: 07:20 | O8: https://youtube.com/watch?v=bhor_bhai | P8: https://open.spotify.com/track/bhor_bhai | Q8: https://music.apple.com/song/bhor_bhai | R8: https://jiosaavn.com/song/bhor_bhai | S8: https://gaana.com/song/bhor_bhai | T8: https://instagram.com/reels/audio/bhor_bhai | U8: Navratri festive devotional favorite
A9: =IF(D9<>"",ROW()-3,"") | B9: =IF(D9<>"", "Geet MP3 Devotional", "")
A10: =IF(D10<>"",ROW()-3,"") | B10: =IF(D10<>"", "Geet MP3 Devotional", "")
A11: =IF(D11<>"",ROW()-3,"") | B11: =IF(D11<>"", "Geet MP3 Devotional", "")
A12: =IF(D12<>"",ROW()-3,"") | B12: =IF(D12<>"", "Geet MP3 Devotional", "")
A13: =IF(D13<>"",ROW()-3,"") | B13: =IF(D13<>"", "Geet MP3 Devotional", "")
A14: =IF(D14<>"",ROW()-3,"") | B14: =IF(D14<>"", "Geet MP3 Devotional", "")
A15: =IF(D15<>"",ROW()-3,"") | B15: =IF(D15<>"", "Geet MP3 Devotional", "")
A16: =IF(D16<>"",ROW()-3,"") | B16: =IF(D16<>"", "Geet MP3 Devotional", "")
A17: =IF(D17<>"",ROW()-3,"") | B17: =IF(D17<>"", "Geet MP3 Devotional", "")
A18: =IF(D18<>"",ROW()-3,"") | B18: =IF(D18<>"", "Geet MP3 Devotional", "")
A19: =IF(D19<>"",ROW()-3,"") | B19: =IF(D19<>"", "Geet MP3 Devotional", "")
A20: =IF(D20<>"",ROW()-3,"") | B20: =IF(D20<>"", "Geet MP3 Devotional", "")
... A30: =IF(D30<>"",ROW()-3,"") | B30: =IF(D30<>"", "Geet MP3 Devotional", "")
